input,input_expanded,offer,similarity_score,retailer,brand,category,keywords
Target,Affordable fashion Home goods Electronics Toys Baby products Clothing Shoes Accessories Home decor Furniture Outdoor gear Sports equipment Pet supplies Health and beauty Personal care Household essentials,"Arber, at Target",0.5517991524338901,TARGET,ARBER,,"  ""Arber"", ""Target"", ""outdoor furniture"", ""patio sets"", ""garden decor"", ""home decor"", ""furniture"""
Target,Affordable fashion Home goods Electronics Toys Baby products Clothing Shoes Accessories Home decor Furniture Outdoor gear Sports equipment Pet supplies Health and beauty Personal care Household essentials,"L'Oréal Paris Makeup, spend $30 at Target",0.42439312611504226,TARGET,LOREAL PARIS COSMETICS,"Makeup, Beauty","  ""L'Oréal Paris"", ""Makeup"", ""Beauty"", ""Cosmetics"", ""Target"""
Target,Affordable fashion Home goods Electronics Toys Baby products Clothing Shoes Accessories Home decor Furniture Outdoor gear Sports equipment Pet supplies Health and beauty Personal care Household essentials,"L'Oréal Paris Makeup, spend $35 at Target",0.42341620385717244,TARGET,LOREAL PARIS COSMETICS,"Makeup, Beauty","  ""L'Oréal Paris"", ""Makeup"", ""Beauty"", ""Cosmetics"", ""Target"""
Target,Affordable fashion Home goods Electronics Toys Baby products Clothing Shoes Accessories Home decor Furniture Outdoor gear Sports equipment Pet supplies Health and beauty Personal care Household essentials,L'Oréal Paris True Match Foundation at Target,0.4140541807772387,TARGET,LOREAL PARIS COSMETICS,"Makeup, Beauty","  ""L'Oréal Paris"", ""True Match Foundation"", ""Target"", ""Makeup"", ""Beauty"", ""Foundation"", ""Cosmetics"", ""L'Oréal Cosmetics"""
Target,Affordable fashion Home goods Electronics Toys Baby products Clothing Shoes Accessories Home decor Furniture Outdoor gear Sports equipment Pet supplies Health and beauty Personal care Household essentials,L'Oreal Paris True Match Foundation at Target,0.4042175400368646,TARGET,LOREAL PARIS COSMETICS,"Makeup, Beauty","  ""L'Oreal Paris"", ""True Match Foundation"", ""Target"", ""Makeup"", ""Beauty"", ""Foundation"", ""Cosmetics"", ""LOREAL PARIS COSMETICS"""
Huggies,Diapers Baby wipes Nappies Disposable diapers Baby care Parenting Infant products Toddler products Baby hygiene Diapering essentials Changing supplies Nursery products,Spend $220 at Tom Thumb,0.2916540836341517,TOM THUMB,TOM THUMB,,"  ""Grocery, Supermarket, Food, Beverages, Household Essentials, Personal Care, Pet Supplies, Baby Products"""
Huggies,Diapers Baby wipes Nappies Disposable diapers Baby care Parenting Infant products Toddler products Baby hygiene Diapering essentials Changing supplies Nursery products,"Fresh Bakery Products at Casey's, select varieties",0.13949149112003897,CASEYS GENERAL STORE,CASEYS GENERAL STORE,"Cooking & Baking, Pantry, Frozen Pizza & Pizza Snacks, Frozen","  ""Fresh bakery products"", ""Casey's General Store"", ""select varieties"", ""cooking & baking"", ""pantry"", ""frozen pizza & pizza snacks"", ""frozen"""
Huggies,Diapers Baby wipes Nappies Disposable diapers Baby care Parenting Infant products Toddler products Baby hygiene Diapering essentials Changing supplies Nursery products,"Tyson Products, select varieties, spend $20 at Sam's Club",0.11561973965496923,SAMS CLUB,BALL PARK FRANK,"Packaged Meat, Pantry, Frozen Beef, Frozen Meat","  ""Tyson Products"", ""Ball Park Frank"", ""Sam's Club"", ""Packaged Meat"", ""Pantry"", ""Frozen Beef"", ""Frozen Meat"""
Huggies,Diapers Baby wipes Nappies Disposable diapers Baby care Parenting Infant products Toddler products Baby hygiene Diapering essentials Changing supplies Nursery products,"Kradle, select products, online at Chewy.com",0.10845915495345303,CHEWY,KRADLE,"Cooking & Baking, Pantry, Dog Supplies, Animals & Pet Supplies","  ""Kradle, dog food, pet supplies, cooking, baking, pantry, animal supplies"""
Huggies,Diapers Baby wipes Nappies Disposable diapers Baby care Parenting Infant products Toddler products Baby hygiene Diapering essentials Changing supplies Nursery products,"Burt's Bee's® Facial Wipes, select varieties, 30 count at Walmart",0.10788467154852258,WALMART,BURTS BEES,"Makeup, Beauty, Skin Care, Health & Wellness, Hair Removal, Health & Wellness","  ""Beeswax, Aloe Vera, Vitamin E, Chamomile, Facial Cleansing Wipes, Makeup Remover, Sensitive Skin, Natural Ingredients, Cruelty-Free, Vegan"""
Makeup,,"L'Oréal Paris Makeup, spend $30 at Target",0.46841688972319534,TARGET,LOREAL PARIS COSMETICS,"Makeup, Beauty","  ""L'Oréal Paris"", ""Makeup"", ""Beauty"", ""Cosmetics"", ""Target"""
Makeup,,"L'Oréal Paris Makeup, spend $35 at Target",0.46733862794803005,TARGET,LOREAL PARIS COSMETICS,"Makeup, Beauty","  ""L'Oréal Paris"", ""Makeup"", ""Beauty"", ""Cosmetics"", ""Target"""
Makeup,,"Molson Coors®, select varieties, 12 pack+",0.2605215731502848,,COORS LIGHT,"Beer, Alcohol, Makeup, Beauty","  ""Beer, Alcohol, Light Beer, Lager, Brewing, Refreshing, Crisp, Cold, Golden, Colorado, Rocky Mountains"""
Makeup,,L'Oréal Paris True Match Foundation at Target,0.22850272495222376,TARGET,LOREAL PARIS COSMETICS,"Makeup, Beauty","  ""L'Oréal Paris"", ""True Match Foundation"", ""Target"", ""Makeup"", ""Beauty"", ""Foundation"", ""Cosmetics"", ""L'Oréal Cosmetics"""
Makeup,,L'Oreal Paris True Match Foundation at Target,0.2230742102362697,TARGET,LOREAL PARIS COSMETICS,"Makeup, Beauty","  ""L'Oreal Paris"", ""True Match Foundation"", ""Target"", ""Makeup"", ""Beauty"", ""Foundation"", ""Cosmetics"", ""LOREAL PARIS COSMETICS"""
Pizza,Pepperoni Margherita Hawaiian Meat lovers Four cheese Veggie lovers BBQ chicken Shrimp scampi Bacon cheeseburger Mediterranean BBQ pork Roasted vegetables Gluten-free crust Delivery Takeout Restaurant Pizzeria Italian food Cheese Sauce Toppings Crust Breadsticks Salad Wings Dips Appetizers Drinks Desserts,Whole pizza at Casey's,0.5621551577180589,CASEYS GENERAL STORE,CASEYS GENERAL STORE,"Cooking & Baking, Pantry, Frozen Pizza & Pizza Snacks, Frozen","  ""Pizza, whole pizza, Casey's, frozen pizza, pizza snacks, cooking, baking, pantry"""
Pizza,Pepperoni Margherita Hawaiian Meat lovers Four cheese Veggie lovers BBQ chicken Shrimp scampi Bacon cheeseburger Mediterranean BBQ pork Roasted vegetables Gluten-free crust Delivery Takeout Restaurant Pizzeria Italian food Cheese Sauce Toppings Crust Breadsticks Salad Wings Dips Appetizers Drinks Desserts,Whole Pizza at Casey's ,0.5621551577180589,CASEYS GENERAL STORE,CASEYS GENERAL STORE,"Cooking & Baking, Pantry, Frozen Pizza & Pizza Snacks, Frozen","  ""Whole pizza, Casey's General Store, frozen pizza, pizza snacks, cooking, baking, pantry"""
Pizza,Pepperoni Margherita Hawaiian Meat lovers Four cheese Veggie lovers BBQ chicken Shrimp scampi Bacon cheeseburger Mediterranean BBQ pork Roasted vegetables Gluten-free crust Delivery Takeout Restaurant Pizzeria Italian food Cheese Sauce Toppings Crust Breadsticks Salad Wings Dips Appetizers Drinks Desserts,Whole Pizza at Casey's,0.5621551577180589,CASEYS GENERAL STORE,CASEYS GENERAL STORE,"Cooking & Baking, Pantry, Frozen Pizza & Pizza Snacks, Frozen","  ""Whole pizza, Casey's General Store, frozen pizza, pizza snacks, cooking, baking, pantry"""
Pizza,Pepperoni Margherita Hawaiian Meat lovers Four cheese Veggie lovers BBQ chicken Shrimp scampi Bacon cheeseburger Mediterranean BBQ pork Roasted vegetables Gluten-free crust Delivery Takeout Restaurant Pizzeria Italian food Cheese Sauce Toppings Crust Breadsticks Salad Wings Dips Appetizers Drinks Desserts,Whole Pizza Pie at Casey's,0.5353889255317223,CASEYS GENERAL STORE,CASEYS GENERAL STORE,"Cooking & Baking, Pantry, Frozen Pizza & Pizza Snacks, Frozen","  ""Whole pizza pie, Casey's General Store, frozen pizza, pizza snacks, cooking, baking, pantry"""
Pizza,Pepperoni Margherita Hawaiian Meat lovers Four cheese Veggie lovers BBQ chicken Shrimp scampi Bacon cheeseburger Mediterranean BBQ pork Roasted vegetables Gluten-free crust Delivery Takeout Restaurant Pizzeria Italian food Cheese Sauce Toppings Crust Breadsticks Salad Wings Dips Appetizers Drinks Desserts,2 Pack OR 2 Liter AND Whole Pizza at Casey's,0.5143104880497797,CASEYS GENERAL STORE,CASEYS GENERAL STORE,"Cooking & Baking, Pantry, Frozen Pizza & Pizza Snacks, Frozen","  ""Pizza, whole pizza, frozen pizza, pizza snacks, cooking, baking, pantry, food, grocery, convenience store"""
